{
    "disease":{
      "testParameters":{
          "pDiagnosticTestDetectsSuccessfully": 0.9,
          "pDiagnosticTestAvailable":0.5
      },
      "diseaseParameters":{
          "meanLatentPeriod":123.12,
          "sdLatentPeriod":0.5,
          "meanAsymptomaticPeriod":192,
          "sdAsymptomaticPeriod":0.5,
          "pSymptomaticCaseChild": 0.21,
          "pSymptomaticCaseAdult": 0.5,
          "pSymptomaticCasePensioner": 0.69,
          "meanSymptomDelay": -16.08,
          "meanSymptomDelaySD": 30,
          "meanInfectiousDuration": 321.6,
          "sdInfectiousDuration": 0.4,
          "phase1Betaa": 25.0,
          "phase1Betab": 30.0,
          "aSymptomaticTransAdjustment": 0.5,
          "symptomaticTransAdjustment": 1.0,
          "caseMortalityBase": 0.05,
          "caseMortalityRate":0.6,
          "childProgressionPhase2":0.01,
          "adultProgressionPhase2":0.2,
          "pensionerProgressionPhase2":0.8,
          "hospitalisedSurvive":0.25,
          "hospitalisedDie":0.8
      },
      "infectionSeedProperties": {
          "InitialSeedAdult":0.000001,
          "InitialSeedInfantChildPensioner":0.0000005,
          "rateIncreaseSeed":1.1
      },
      "hospitalisationParameters": {
          "hospitalisationTransmissionReduction":0.05
      },
      "careHomeParameters": {
          "PPETransmissionReduction": 0.5,
          "hoursAfterSymptomsBeforeQuarantine": 12
      }
    },
    "population":{
        "populationDistribution":{
            "m_0_4":0.026218532,
            "m_5_9":0.028290396,
            "m_10_14":0.027080414,
            "m_15_19":0.026738199,
            "m_20_24":0.032600908,
            "m_25_29":0.035036502,
            "m_30_34":0.032721171,
            "m_35_39":0.03139865,
            "m_40_44":0.028608337,
            "m_45_49":0.033202957,
            "m_50_54":0.036017911,
            "m_55_59":0.03458046,
            "m_60_64":0.030018389,
            "m_65_69":0.026666299,
            "m_70_74":0.023602913,
            "m_75_79":0.015637999,
            "m_80_84":0.010725069,
            "m_85_89":0.005607105,
            "m_90_94":0.001924201,
            "m_95_99":0.000371821,
            "m_100_100":0.000024641,
            "f_0_4":0.024692999,
            "f_5_9":0.027076185,
            "f_10_14":0.025840643,
            "f_15_19":0.025589636,
            "f_20_24":0.031874552,
            "f_25_29":0.035271142,
            "f_30_34":0.033709752,
            "f_35_39":0.032593737,
            "f_40_44":0.02978007,
            "f_45_49":0.035623839,
            "f_50_54":0.038399073,
            "f_55_59":0.036521579,
            "f_60_64":0.031824167,
            "f_65_69":0.028575973,
            "f_70_74":0.026224233,
            "f_75_79":0.019503319,
            "f_80_84":0.015066659,
            "f_85_89":0.009370368,
            "f_90_94":0.004148692,
            "f_95_99":0.001114544,
            "f_100_100":0.000125963
        },
        "householdDistribution":{
            "householdRatio": 2.18,
            "pSingleAdult":0.22,
            "pSmallAdult":0.2,
            "pSingleParent":0.05,
            "pSmallFamily":0.12,
            "pLargeTwoAdultFamily":0.03,
            "pLargeManyAdultFamily":0.02,
            "pLargeAdult":0.09,
            "pAdultPensioner":0.09,
            "pDoubleOlder":0.04,
            "pSingleOlder":0.14
        },
        "buildingDistribution":{
            "populationToHospitalsRatio":10000,
            "hospitalSizeDistribution":{
                "pSmall":0,
                "pMed":1.0,
                "pLarge":0
            },
            "covidHospitalRatio": 5,
            "populationToSchoolsRatio":2500,
            "schoolSizeDistribution":{
                "pSmall":0,
                "pMed":1.0,
                "pLarge":0
            },
            "populationToShopsRatio":750,
            "shopSizeDistribution":{
                "pSmall":0.7,
                "pMed":0.2,
                "pLarge":0.1
            },
            "populationToOfficesRatio":250,
            "officeSizeDistribution":{
                "pSmall":0.2,
                "pMed":0.3,
                "pLarge":0.5
            },
            "populationToConstructionSitesRatio":1000,
            "constructionSiteSizeDistribution":{
                "pSmall":0.7,
                "pMed":0.2,
                "pLarge":0.1
            },
            "populationToNurseriesRatio":5000,
            "nurserySizeDistribution":{
                "pSmall":0,
                "pMed":1,
                "pLarge":0
            },
            "populationToRestaurantsRatio":750,
            "restaurantSizeDistribution":{
                "pSmall":0.4,
                "pMed":0.5,
                "pLarge":0.1
            },
            "populationToCareHomesRatio":6500,
            "careHomeSizeDistribution":{
                "pSmall":0.0,
                "pMed":1,
                "pLarge":0.0
            }
        },
        "workerDistribution":{
            "pCareHome":0.01,
            "pOffice":0.33,
            "pShop":0.14,
            "pHospital":0.09,
            "pConstruction":0.22,
            "pTeacher":0.065,
            "pRestaurant":0.09,
            "pNursery":0.005,
            "pUnemployed":0.05,
            "sizeAllocation":{
                "pSmall": 0.2,
                "pMed": 0.3,
                "pLarge": 0.5
            }
        },
        "buildingProperties":{
           "baseTransmissionConstant":0.35,
           "hospitalExpectedInteractionsPerHour":7.0,
           "constructionSiteExpectedInteractionsPerHour":5.0,
           "nurseryExpectedInteractionsPerHour":10.0,
           "officeExpectedInteractionsPerHour":5.0,
           "restaurantExpectedInteractionsPerHour":10.0,
           "schoolExpectedInteractionsPerHour":25.0,
           "shopExpectedInteractionsPerHour":5.0,
           "careHomeExpectedInteractionsPerHour":7.0,
           "pHospitalKey":1.0,
           "pHospitalStaffWillFurlough":0.5,
            "pConstructionSiteKey":0.4,
            "pOfficeKey":0.2,
            "pShopKey":0.4,
            "pLeaveShop": 0.5,
            "pLeaveRestaurant": 0.4,
            "schoolHolidays": [
                { "start": 28, "end": 32 }
            ]
        },
        "infantProperties":{
            "pAttendsNursery":0.12
        },
        "pensionerProperties":{
            "pEntersCareHome": 0.12,
            "minAgeToEnterCare": 80
        },
        "householdProperties":{
            "neighbourOpeningTime":9,
            "neighbourClosingTime":20,
            "pVisitorsLeaveHousehold":0.333,
            "householdVisitsNeighbourDaily":0.25,
            "expectedNeighbours":7,
            "pNeighbourFromSameGroup":0.6,
            "pNeighbourFromOtherGroup":0.2,
            "pGoShopping":0.071,
            "lockdownShoppingProbabilityAdjustment": 0.25,
            "pGoRestaurant": 0.071,
            "pWillIsolate": 0.5,
            "householdIsolationPeriod": 14,
            "pLockCompliance": 0.8,
            "minShieldingAge": 75,
            "pEntersShielding": 0.8
        },
        "personProperties":{
            "pSusceptibleChild": 0.5,
            "pQuarantinesIfSymptomatic":0.9,
            "symptomToQuarantineDelay": 12,
            "symptomToTestingDelay": 24
        },
        "publicTransportParameters": {
            "expectedInteractions": 5.0,
            "pFamilyTakesTransport": 0.5
        },
        "hospitalApptProperties": {
          "dayCaseStartTime": 8,
          "meanDayCaseTime": 8,
          "SDDayCaseTime": 1,
          "inPatientFirstStartTime": 1,
          "inPatientLastStartTime": 23,
          "outPatientFirstStartTime": 8,
          "outPatientLastStartTime": 17,
          "meanOutPatientTime": 2,
          "lockdownApptDecreasePercentage": 0.75
        },
        "hospitalAppts": {
          "f_0_9": {
            "pOutPatient": 0.000401541756159,
            "pDayCase": 4.54E-05,