{
    "disease":{

        "diseaseParameters":{
            "meanLatentPeriod":123.12,
            "meanAsymptomaticPeriod":192,
            "probabilitySymptoms": 0.692,
            "meanSymptomDelay": -16.08,
            "meanSymptomDelaySD": 30,
            "meanInfectiousDuration": 321.6,
            "phase1Betaa": 25.0,
            "phase1Betab": 30.0,
            "aSymptomaticTransAdjustment": 0.1,
            "symptomaticTransAdjustment": 1.0,
            "mortalityRate":0.01,
            "childProgressionPhase2":0.02,
            "adultProgressionPhase2":0.15,
            "pensionerProgressionPhase2":0.8
        }
    },
    "population":{
        "population":{
            "m_0_4":0.026218532,
            "m_5_9":0.028290396,
            "m_10_14":0.027080414,
            "m_15_19":0.026738199,
            "m_20_24":0.032600908,
            "m_25_29":0.035036502,
            "m_30_34":0.032721171,
            "m_35_39":0.03139865,
            "m_40_44":0.028608337,
            "m_45_49":0.033202957,
            "m_50_54":0.036017911,
            "m_55_59":0.03458046,
            "m_60_64":0.030018389,
            "m_65_69":0.026666299,
            "m_70_74":0.023602913,
            "m_75_79":0.015637999,
            "m_80_84":0.010725069,
            "m_85_89":0.005607105,
            "m_90_94":0.001924201,
            "m_95_99":0.000371821,
            "m_100_100":0.000024641,
            "f_0_4":0.024692999,
            "f_5_9":0.027076185,
            "f_10_14":0.025840643,
            "f_15_19":0.025589636,
            "f_20_24":0.031874552,
            "f_25_29":0.035271142,
            "f_30_34":0.033709752,
            "f_35_39":0.032593737,
            "f_40_44":0.02978007,
            "f_45_49":0.035623839,
            "f_50_54":0.038399073,
            "f_55_59":0.036521579,
            "f_60_64":0.031824167,
            "f_65_69":0.028575973,
            "f_70_74":0.026224233,
            "f_75_79":0.019503319,
            "f_80_84":0.015066659,
            "f_85_89":0.009370368,
            "f_90_94":0.004148692,
            "f_95_99":0.001114544,
            "f_100_100":0.000125963
        },
        "households":{
            "householdRatio": 2.18,
            "pAdultOnly":0.4,
            "pPensionerOnly":0.12,
            "pPensionerAdult":0.07,
            "pAdultChildren":0.28,
            "pPensionerChildren":0.05,
            "pAdultPensionerChildren":0.08
        },
        "additionalMembersDistributions":{
            "adultAllocationPMap":{
                "1":0.8,
                "2":0.5,
                "3":0.3,
                "4":0.2,
                "5":0.1

            },
            "pensionerAllocationPMap":{
                "1":0.8,
                "2":0.5,
                "3":0.3,
                "4":0.2,
                "5":0.1

            },
            "childAllocationPMap":{
                "1":0.8,
                "2":0.5,
                "3":0.3,
                "4":0.2,
                "5":0.1

            },
            "infantAllocationPMap":{
                "1":0.8,
                "2":0.5,
                "3":0.3,
                "4":0.2,
                "5":0.1
            }
        },
        "buildingDistribution":{
            "hospitals":10000,
            "hospitalSizes":{
                "pSmall":0,
                "pMed":1.0,
                "pLarge":0
            },
            "schools":2000,
            "schoolSizes":{
                "pSmall":0,
                "pMed":1.0,
                "pLarge":0
            },
            "shops":500,
            "shopSizes":{
                "pSmall":0.7,
                "pMed":0.2,
                "pLarge":0.1
            },
            "offices":250,
            "officeSizes":{
                "pSmall":0.2,
                "pMed":0.3,
                "pLarge":0.5
            },
            "constructionSites":1000,
            "constructionSiteSizes":{
                "pSmall":0.7,
                "pMed":0.2,
                "pLarge":0.1
            },
            "nurseries":2000,
            "nurserySizes":{
                "pSmall":0,
                "pMed":1,
                "pLarge":0
            },
            "restaurants":1000,
            "restaurantSizes":{
                "pSmall":0.3,
                "pMed":0.6,
                "pLarge":0.1
            }
        },
        "workerAllocation":{
            "pOffice":0.3,
            "pShop":0.2,
            "pHospital":0.08,
            "pConstruction":0.1,
            "pTeacher":0.12,
            "pRestaurant":0.1,
            "pNursery":0.05,
            "pUnemployed":0.05,
            "sizeAllocation":{
                "pSmall": 0.2,
                "pMed": 0.3,
                "pLarge": 0.5
            }
        },
        "buildingProperties":{
          "pBaseTrans":0.6,
          "pHospitalTrans":10.0,
          "pConstructionSiteTrans":5.0,
          "pNurseryTrans":10.0,
          "pOfficeTrans":5.0,
          "pRestaurantTrans":10.0,
          "pSchoolTrans":30.0,
          "pShopTrans":5.0,
            "pHospitalKey":0.8,
            "pConstructionSiteKey":0.5,
            "pOfficeKey":0.5,
            "pShopKey":0.5,
            "pLeaveShop": 0.5,
            "pLeaveRestaurant": 0.4
        },
        "infantAllocation":{
            "pAttendsNursery":0.5
        },
        "householdProperties":{
            "neighbourVisitFreq":0.006,
            "visitorLeaveRate":0.5,
            "expectedNeighbours":3,
            "pGoShopping":0.01786,
            "pGoRestaurant": 0.01190,
            "pWillIsolate": 0.5,
            "householdIsolationPeriod": 14
        },
        "personProperties":{
            "pTransmission":0.6,
            "pQuarantine":0.9
        }
    }
}
